INSERT INTO pokemon (name, id_pokedex) VALUES
('Bulbizarre', 1),
('Herbizarre', 2),
('Florizarre', 3),
('Salameche', 4),
('Reptincel', 5),
('Dracaufeu', 6),
('Carapuce', 7),
('Carabaffe', 8),
('Tortank', 9),
('Chenipan', 10),
('Chrysacier', 11),
('Papilusion', 12),
('Aspicot', 13),
('Coconfort', 14),
('Dardargnan', 15),
('Roucool', 16),
('Roucoups', 17),
('Roucarnage', 18),
('Rattata', 19),
('Rattatac', 20),
('Piafabec', 21),
('Rapasdepic', 22),
('Abo', 23),
('Arbok', 24),
('Pikachu', 25),
('Raichu', 26),
('Sabelette', 27),
('Sablaireau', 28),
('NidoranF', 29),
('Nidorina', 30),
('Nidoqueen', 31),
('NidoranM', 32),
('Nidorino', 33),
('Nidoking', 34),
('Melofee', 35),
('Melodelfe', 36),
('Goupix', 37),
('Feunard', 38),
('Rondoudou', 39),
('Grodoudou', 40),
('Nosferapti', 41),
('Nosferalto', 42),
('Mystherbe', 43),
('Ortide', 44),
('Rafflesia', 45),
('Paras', 46),
('Parasect', 47),
('Mimitoss', 48),
('Aeromite', 49),
('Taupiqueur', 50),
('Triopikeur', 51),
('Miaouss', 52),
('Persian', 53),
('Psykokwak', 54),
('Akwakwak', 55),
('Ferosinge', 56),
('Colossinge', 57),
('Caninos', 58),
('Arcanin', 59),
('Ptitard', 60),
('Tetarte', 61),
('Tartard', 62),
('Abra', 63),
('Kadabra', 64),
('Alakazam', 65),
('Machoc', 66),
('Machopeur', 67),
('Mackogneur', 68),
('Chetiflor', 69),
('Boustiflor', 70),
('Empiflor', 71),
('Tentacool', 72),
('Tentacruel', 73),
('Racaillou', 74),
('Gravalanch', 75),
('Grolem', 76),
('Ponyta', 77),
('Galopa', 78),
('Ramoloss', 79),
('Flagadoss', 80),
('Magneti', 81),
('Magneton', 82),
('Canarticho', 83),
('Doduo', 84),
('Dodrio', 85),
('Otaria', 86),
('Lamantine', 87),
('Tadmorv', 88),
('Grotadmorv', 89),
('Kokiyas', 90),
('Crustabri', 91),
('Fantominus', 92),
('Spectrum', 93),
('Ectoplasma', 94),
('Onix', 95),
('Soporifik', 96),
('Hypnomade', 97),
('Krabby', 98),
('Krabboss', 99),
('Voltorbe', 100),
('Electrode', 101),
('Noeunoeuf', 102),
('Noadkoko', 103),
('Osselait', 104),
('Ossatueur', 105),
('Kicklee', 106),
('Tygnon', 107),
('Excelangue', 108),
('Smogo', 109),
('Smogogo', 110),
('Rhinocorne', 111),
('Rhinoferos', 112),
('Leveinard', 113),
('Saquedeneu', 114),
('Kangourex', 115),
('Hypotrempe', 116),
('Hypocean', 117),
('Poissirene', 118),
('Poissoroy', 119),
('Stari', 120),
('Staross', 121),
('M. Mime', 122),
('Insecateur', 123),
('Lippoutou', 124),
('Elektek', 125),
('Magmar', 126),
('Scarabrute', 127),
('Tauros', 128),
('Magicarpe', 129),
('Leviator', 130),
('Lokhlass', 131),
('Metamorph', 132),
('Evoli', 133),
('Aquali', 134),
('Voltali', 135),
('Pyroli', 136),
('Porygon', 137),
('Amonita', 138),
('Amonistar', 139),
('Kabuto', 140),
('Kabutops', 141),
('Ptera', 142),
('Ronflex', 143),
('Artikodin', 144),
('Electhor', 145),
('Sulfura', 146),
('Minidraco', 147),
('Draco', 148),
('Dracolosse', 149),
('Mewtwo', 150),
('Mew', 151);

INSERT INTO type (name) VALUES
('Combat'),
('Dragon'),
('Eau'),
('Electricité'),
('Feu'),
('Glace'),
('Insecte'),
('Normal'),
('Plante'),
('Poison'),
('Psy'),
('Roche'),
('Sol'),
('Spectre'),
('Vol')

/*INSERT INTO estType (id_pok, type_pok) VALUES
	(  1, 'Plante'),
	(  1, 'Poison'),
	(  2, 'Plante'),
	(  2, 'Poison'),
	(  3, 'Plante'),
	(  3, 'Poison'),
	(  4, 'Feu'),
	(  5, 'Feu'),
	(  6, 'Feu'),
	(  6, 'Vol'),
	(  7, 'Eau'),
	(  8, 'Eau'),
	(  9, 'Eau'),
	( 10, 'Insecte'),
	( 11, 'Insecte'),
	( 12, 'Insecte'),
	( 12, 'Vol'),
	( 13, 'Insecte'),
	( 13, 'Poison'),
	( 14, 'Insecte'),
	( 14, 'Poison'),
	( 15, 'Insecte'),
	( 15, 'Poison'),
	( 16, 'Normal'),
	( 16, 'Vol'),
	( 17, 'Normal'),
	( 17, 'Vol'),
	( 18, 'Normal'),
	( 18, 'Vol'),
	( 19, 'Normal'),
	( 20, 'Normal'),
	( 21, 'Normal'),
	( 21, 'Vol'),
	( 22, 'Normal'),
	( 22, 'Vol'),
	( 23, 'Poison'),
	( 24, 'Poison'),
	( 25, 'Electrique'),
	( 26, 'Electrique'),
	( 27, 'Sol'),
	( 28, 'Sol'),
	( 29, 'Poison'),
	( 30, 'Poison'),
	( 31, 'Poison'),
	( 31, 'Sol'),
	( 32, 'Poison'),
	( 33, 'Poison'),
	( 34, 'Poison'),
	( 34, 'Sol'),
	( 35, 'Normal'),
	( 36, 'Normal'),
	( 37, 'Feu'),
	( 38, 'Feu'),
	( 39, 'Normal'),
	( 40, 'Normal'),
	( 41, 'Poison'),
	( 41, 'Vol'),
	( 42, 'Poison'),
	( 42, 'Vol'),
	( 43, 'Plante'),
	( 43, 'Poison'),
	( 44, 'Plante'),
	( 44, 'Poison'),
	( 45, 'Plante'),
	( 45, 'Poison'),
	( 46, 'Insecte'),
	( 46, 'Plante'),
	( 47, 'Insecte'),
	( 47, 'Plante'),
	( 48, 'Insecte'),
	( 48, 'Poison'),
	( 49, 'Insecte'),
	( 49, 'Poison'),
	( 50, 'Sol'),
	( 51, 'Sol'),
	( 52, 'Normal'),
	( 53, 'Normal'),
	( 54, 'Eau'),
	( 55, 'Eau'),
	( 56, 'Combat'),
	( 57, 'Combat'),
	( 58, 'Feu'),
	( 59, 'Feu'),
	( 60, 'Eau'),
	( 61, 'Eau'),
	( 62, 'Eau'),
	( 62, 'Combat'),
	( 63, 'Psy'),
	( 64, 'Psy'),
	( 65, 'Psy'),
	( 66, 'Combat'),
	( 67, 'Combat'),
	( 68, 'Combat'),
	( 69, 'Plante'),
	( 69, 'Poison'),
	( 70, 'Plante'),
	( 70, 'Poison'),
	( 71, 'Plante'),
	( 71, 'Poison'),
	( 72, 'Eau'),
	( 72, 'Poison'),
	( 73, 'Eau'),
	( 73, 'Poison'),
	( 74, 'Roche'),
	( 74, 'Sol'),
	( 75, 'Roche'),
	( 75, 'Sol'),
	( 76, 'Roche'),
	( 76, 'Sol'),
	( 77, 'Feu'),
	( 78, 'Feu'),
	( 79, 'Eau'),
	( 79, 'Psy'),
	( 80, 'Eau'),
	( 80, 'Psy'),
	( 81, 'Electrique'),
	( 82, 'Electrique'),
	( 83, 'Normal'),
	( 83, 'Vol'),
	( 84, 'Normal'),
	( 84, 'Vol'),
	( 85, 'Normal'),
	( 85, 'Vol'),
	( 86, 'Eau'),
	( 87, 'Eau'),
	( 87, 'Glace'),
	( 88, 'Poison'),
	( 89, 'Poison'),
	( 90, 'Eau'),
	( 91, 'Eau'),
	( 91, 'Glace'),
	( 92, 'Spectre'),
	( 92, 'Poison'),
	( 93, 'Spectre'),
	( 93, 'Poison'),
	( 94, 'Spectre'),
	( 94, 'Poison'),
	( 95, 'Roche'),
	( 95, 'Sol'),
	( 96, 'Psy'),
	( 97, 'Psy'),
	( 98, 'Eau'),
	( 99, 'Eau'),
	(100, 'Electrique'),
	(101, 'Electrique'),
	(102, 'Plante'),
	(102, 'Psy'),
	(103, 'Plante'),
	(103, 'Psy'),
	(104, 'Sol'),
	(105, 'Sol'),
	(106, 'Combat'),
	(107, 'Combat'),
	(108, 'Normal'),
	(109, 'Poison'),
	(110, 'Poison'),
	(111, 'Sol'),
	(111, 'Roche'),
	(112, 'Sol'),
	(112, 'Roche'),
	(113, 'Normal'),
	(114, 'Plante'),
	(115, 'Normal'),
	(116, 'Eau'),
	(117, 'Eau'),
	(118, 'Eau'),
	(119, 'Eau'),
	(120, 'Eau'),
	(121, 'Eau'),
	(121, 'Psy'),
	(122, 'Psy'),
	(123, 'Insecte'),
	(123, 'Vol'),
	(124, 'Glace'),
	(124, 'Psy'),
	(125, 'Electrique'),
	(126, 'Feu'),
	(127, 'Insecte'),
	(128, 'Normal'),
	(129, 'Eau'),
	(130, 'Eau'),
	(130, 'Vol'),
	(131, 'Eau'),
	(131, 'Glace'),
	(132, 'Normal'),
	(133, 'Normal'),
	(134, 'Eau'),
	(135, 'Electrique'),
	(136, 'Feu'),
	(137, 'Normal'),
	(138, 'Roche'),
	(138, 'Eau'),
	(139, 'Roche'),
	(139, 'Eau'),
	(140, 'Roche'),
	(140, 'Eau'),
	(141, 'Roche'),
	(141, 'Eau'),
	(142, 'Roche'),
	(142, 'Vol'),
	(143, 'Normal'),
	(144, 'Glace'),
	(144, 'Vol'),
	(145, 'Electrique'),
	(145, 'Vol'),
	(146, 'Feu'),
	(146, 'Vol'),
	(147, 'Dragon'),
	(148, 'Dragon'),
	(149, 'Dragon'),
	(149, 'Vol'),
	(150, 'Psy'),
	(151, 'Psy');*/



/*-- evolutions
INSERT INTO evolueEn (id_pok_base, id_pok_evol, lvl_evol_pok) VALUES
-- http://www.pokepedia.fr/Liste_des_Pok%C3%A9mon_par_famille_d%27%C3%A9volution
	(  1,   2, 16),
	(  2,   3, 32),
	(  4,   5, 16),
	(  5,   6, 36),
	(  7,   8, 16),
	(  8,   9, 36),
	( 10,  11, 7 ),
	( 11,  12, 10),
	( 13,  14, 7 ),
	( 14,  15, 10),
	( 16,  17, 18),
	( 17,  18, 36),
	( 19,  20, 20),
	( 21,  22, 20),
	( 23,  24, 22),
	( 25,  26, -1),
	( 27,  28, 22),
	( 29,  30, 16),
	( 30,  31, -1),
	( 32,  33, 16),
	( 33,  34, -1),
	( 35,  36, -1),
	( 37,  38, -1),
	( 39,  40, -1),
	( 41,  42, 22),
	( 43,  44, 21),
	( 44,  45, -1),
	( 46,  47, 24),
	( 48,  49, 31),
	( 50,  51, 26),
	( 52,  53, 28),
	( 54,  55, 33),
	( 56,  57, 28),
	( 58,  59, -1),
	( 60,  61, 25),
	( 61,  62, -1),
	( 63,  64, 16),
	( 64,  65, -2),
	( 66,  67, 28),
	( 67,  68, -2),
	( 69,  70, 21),
	( 70,  71, -1),
	( 72,  73, 30),
	( 74,  75, 25),
	( 75,  76, -2),
	( 77,  78, 40),
	( 79,  80, 37),
	( 81,  82, 30),
	( 84,  85, 31),
	( 86,  87, 34),
	( 88,  89, 38),
	( 90,  91, -1),
	( 92,  93, 25),
	( 93,  94, -2),
	( 96,  97, 26),
	( 98,  99, 28),
	(100, 101, 30),
	(102, 103, -1),
	(104, 105, 28),
	(109, 110, 35),
	(111, 112, 42),
	(116, 117, 32),
	(118, 119, 33),
	(120, 121, -1),
	(129, 130, 20),
	(133, 134, -1),
	(133, 135, -1),
	(133, 136, -1),
	(138, 139, 40),
	(140, 141, 40),
	(147, 148, 30),
	(148, 149, 55);*/
